model,docstr_type,mean_diff,mean_diff_pct,median_diff,p_raw,p_fdr,cliffs_delta,cliffs_magnitude,cliffs_ci,improved,worsened,unchanged,skewness,sign_p,power
Codestral,full,0.017939814814814818,1.7939814814814818,0.0,0.306404617688497,0.5362080809548698,0.019241898148148147,Negligible,"[np.float64(-0.023152970679012345), np.float64(0.06125217013888889)]",11,6,127,-0.3920135671807255,0.332305908203125,0.15960536026852246
Deepseek-V3,full,0.030689424364123162,3.0689424364123163,0.0,0.1828775435058836,0.5362080809548698,0.035817970677892295,Negligible,"[np.float64(-0.010093990419509362), np.float64(0.0885215561039338)]",16,9,141,0.866858836209927,0.2295229434967041,0.2888190158379281
GPT-4.1,full,0.008421985815602837,0.8421985815602837,0.0,0.5059623191174095,0.6168944840649764,0.008714350384789498,Negligible,"[np.float64(-0.011489927569035763), np.float64(0.03157678813942961)]",6,4,178,3.541231877642442,0.75390625,0.13448648799101875
GPT-5,full,-0.007660366552119128,-0.7660366552119128,0.0,0.79751119084274,0.79751119084274,-0.007120841747263258,Negligible,"[np.float64(-0.04030715272611329), np.float64(0.024553618875544688)]",12,13,169,-1.419480091799625,1.0,0.08089483320235309
GPT-OSS,full,0.023735861610113106,2.3735861610113105,0.0,0.25359162369584276,0.5362080809548698,0.021979992111585214,Negligible,"[np.float64(-0.023416938577933952), np.float64(0.06792821542543653)]",17,8,142,-0.14316593954162973,0.10775214433670044,0.22108363922520063
Llama 4 Maverick,full,0.023314606741573037,2.3314606741573036,0.0,0.21393079394270087,0.5362080809548698,0.028279257669486177,Negligible,"[np.float64(-0.012795890670369901), np.float64(0.07293981189243783)]",13,6,159,0.8507306739548884,0.1670684814453125,0.24067014085323812
Qwen Coder 2.5,full,0.009424603174603176,0.9424603174603176,0.0,0.5287667006271226,0.6168944840649764,0.009672619047619048,Negligible,"[np.float64(-0.027093962585034014), np.float64(0.04546396683673469)]",6,5,157,0.8621049691867144,1.0,0.0909938166678
Codestral,partial,0.05270061728395062,5.270061728395062,0.0,0.021497792898866237,0.03009691005841273,0.060619212962962965,Negligible,"[np.float64(0.009153163580246915), np.float64(0.11844497492283951)]",18,6,120,0.9508221250182413,0.022655844688415527,0.6337981977387476
Deepseek-V3,partial,0.0693758573388203,6.93758573388203,0.0,0.00390519577444477,0.02288272355978892,0.07765584514555708,Negligible,"[np.float64(0.026403177869227256), np.float64(0.12892565919829294)]",22,7,133,1.3903342528115004,0.008130058646202087,0.8380796067822439
GPT-4.1,partial,0.046267361111111106,4.626736111111111,0.0,0.006537921017082548,0.02288272355978892,0.056206597222222224,Negligible,"[np.float64(0.014881049262152779), np.float64(0.09948662651909722)]",16,5,171,2.4486444896082054,0.02660369873046875,0.7734761009934846
GPT-5,partial,-0.00583987890688922,-0.583987890688922,0.0,0.739239290383346,0.739239290383346,-0.006137740461260495,Negligible,"[np.float64(-0.0566020565416091), np.float64(0.038479779997874365)]",15,18,161,0.25336077224103204,0.7283324808813632,0.05928546416326235
GPT-OSS,partial,0.03255534809282475,3.255534809282475,0.0,0.1818097715364927,0.21211140012590815,0.03383642590989499,Negligible,"[np.float64(-0.018518762467537354), np.float64(0.08871711392976778)]",21,11,131,0.07626744494994957,0.11018416518345475,0.2775584253895181
Llama 4 Maverick,partial,0.04247699562916954,4.247699562916954,0.0,0.011369265340726933,0.023907015436610512,0.04904320987654321,Negligible,"[np.float64(0.009805555555555555), np.float64(0.09442129629629625)]",18,4,158,1.5937108010785868,0.004343509674072266,0.6768324642344956
Qwen Coder 2.5,partial,0.05183545951575111,5.183545951575111,0.0,0.013661151678063149,0.023907015436610512,0.05916311090394062,Negligible,"[np.float64(0.01566567463874646), np.float64(0.10861719674423607)]",15,4,148,1.6774076027414941,0.0192108154296875,0.7427933306966487
Codestral,no,0.05744810744810745,5.744810744810745,0.0,0.0606863791184353,0.14160155127634905,0.06587119174531762,Negligible,"[np.float64(0.00913858868404323), np.float64(0.13204068658614113)]",22,8,113,0.33534410152630234,0.016124801710247997,0.550478326856893
Deepseek-V3,no,0.05844807802639128,5.844807802639128,0.0,0.01616681409382063,0.05658384932837221,0.06568442444476702,Negligible,"[np.float64(0.007605421686746989), np.float64(0.12576662069966613)]",23,11,132,0.909608225268423,0.05761267291381955,0.6416356842905262
GPT-4.1,no,0.027514619883040936,2.7514619883040936,0.0,0.21395958639363066,0.35712002586924224,0.03168975069252077,Negligible,"[np.float64(-0.01923060941828255), np.float64(0.08582409972299163)]",18,13,159,0.707755527928614,0.47312965989112854,0.23523435299943424
GPT-5,no,0.01066297991355199,1.066297991355199,0.0,0.6667220082985015,0.6667220082985015,0.008670360110803323,Negligible,"[np.float64(-0.03925277008310249), np.float64(0.05986842105263155)]",20,18,152,0.12758247257368735,0.8714146793645341,0.07519659272025411
GPT-OSS,no,0.02195217091247337,2.195217091247337,0.0,0.4181414737985013,0.4878317194315849,0.014852822036186876,Negligible,"[np.float64(-0.04192064349369237), np.float64(0.07431040469117703)]",18,12,131,-0.15605871835548954,0.36159460805356514,0.13941334441158942
Llama 4 Maverick,no,0.021484620751976026,2.1484620751976027,0.0,0.25508573276374447,0.35712002586924224,0.029089466133512407,Negligible,"[np.float64(-0.01906382589054058), np.float64(0.07579820518299198)]",18,8,155,0.15606120325255007,0.07551869750022888,0.19022883626567266
Qwen Coder 2.5,no,0.05934532025370535,5.934532025370535,0.0,0.01357891284148706,0.05658384932837221,0.07245606575963719,Negligible,"[np.float64(0.01979166666666667), np.float64(0.12835087159863942)]",22,7,139,1.0203794664747459,0.008130058646202087,0.7250113268192091
