model,dataset,comparison,stat,p_value,mean_diff,mean_diff_percent,median_diff,n_worsened,n_improved,n_unchanged,cliffs_delta,delta_magnitude,delta_ci,diff_ci,skewness,sign_test_p,chi2,cramers_v,rate1,rate2,diff,power,p_fdr,significant_fdr,sign_test_p_fdr,sign_test_significant_fdr
codestral,csn,friedman_all,13.767441860464812,0.0010243255015866574,,,,,,,,,,,,,,,,,,,0.007170278511106602,True,,
gpt-4.1,csn,friedman_all,11.666666666664966,0.002928299694820677,,,,,,,,,,,,,,,,,,,0.010249048931872371,True,,
gpt-5,csn,friedman_all,3.4363636363656362,0.17939201888226394,,,,,,,,,,,,,,,,,,,0.2511488264351695,False,,
meta-llama,csn,friedman_all,5.46902654867242,0.06492560037055603,,,,,,,,,,,,,,,,,,,0.1514930675312974,False,,
deepseek-ai,csn,friedman_all,2.810810810810286,0.24526760348274423,,,,,,,,,,,,,,,,,,,0.286145537396535,False,,
openai,csn,friedman_all,1.876288659793655,0.39135338473600384,,,,,,,,,,,,,,,,,,,0.39135338473600384,False,,
Qwen,csn,friedman_all,4.199999999999718,0.12245642825299918,,,,,,,,,,,,,,,,,,,0.21429874944274857,False,,
codestral,csn,full_vs_partial,,0.003488508887842126,-0.058185404339250485,-2.7163904235727436,0.0,15.0,1.0,153.0,0.0674346136339764,negligible,[-0.04625188  0.17543766],[-0.04095642  0.14785977],-2.426118902726688,0.000518798828125,,,,,,,0.04883912442978977,True,0.0020751953125,True
codestral,csn,full_vs_no,,0.014915624210203714,-0.06706114398422092,-3.1307550644567224,0.0,20.0,6.0,143.0,0.0766429746857603,negligible,[-0.03011624  0.18571216],[-0.03106509  0.15958314],-0.9657065309101567,,,,,,,,0.07630096261246003,False,,
gpt-4.1,csn,full_vs_partial,,0.6947944484337236,-0.010582010582010581,-0.5076142131979695,0.0,9.0,4.0,176.0,0.010050110579211109,negligible,[-0.08904636  0.11641541],[-0.07570547  0.09503629],0.24141892587656233,,,,,,,,0.6947944484337236,False,,
gpt-4.1,csn,full_vs_no,,0.06949078792163771,-0.044023877357210695,-2.111805284394117,0.0,22.0,7.0,160.0,0.044175694969345765,negligible,[-0.05311371  0.14126914],[-0.03205976  0.1260582 ],-0.4502038846885987,,,,,,,,0.19439984134845423,False,,
gpt-5,csn,full_vs_partial,,0.41887985250566506,-0.015211365211365215,-0.7106319606319608,0.0,14.0,9.0,162.0,0.01516435354273192,negligible,[-0.08075237  0.11431337],[-0.07273735  0.09872661],-0.2065336926049891,,,,,,,,0.4886931612566093,False,,
gpt-5,csn,full_vs_no,,0.1419654694121947,-0.033994833994833995,-1.5881424972334066,0.0,20.0,10.0,155.0,0.031176040905770634,negligible,[-0.06719065  0.1268561 ],[-0.05282681  0.11627741],-0.5099376359853187,,,,,,,,0.22083517464119176,False,,
meta-llama,csn,full_vs_partial,,0.02414753459644493,-0.039963369963369966,-1.8799972429004688,0.0,13.0,4.0,158.0,0.04444081632653061,negligible,[-0.06012082  0.15527265],[-0.04953297  0.12961813],-2.351107017461886,0.049041748046875,,,,,,,0.08451637108755726,False,0.09434072797497113,False
meta-llama,csn,full_vs_no,,0.016350206274098576,-0.05483516483516484,-2.5796112489660876,0.0,21.0,10.0,144.0,0.05978775510204082,negligible,[-0.0437951   0.16439755],[-0.0320348   0.14894505],-1.4730001086432578,0.07075554598122835,,,,,,,0.07630096261246003,False,0.09434072797497113,False
deepseek-ai,csn,full_vs_partial,,0.26184908199808776,-0.019662921348314606,-0.9259259259259258,0.0,12.0,6.0,160.0,0.02117788158060851,negligible,[-0.08072055  0.12478854],[-0.06742743  0.11924968],-0.5589010460318528,,,,,,,,0.33326246799756626,False,,
deepseek-ai,csn,full_vs_no,,0.22928210896714518,-0.033707865168539325,-1.5873015873015872,0.0,20.0,12.0,146.0,0.03313975508142911,negligible,[-0.07212552  0.13996654],[-0.05648048  0.12266008],-0.4767580086786274,,,,,,,,0.32099495255400323,False,,
openai,csn,full_vs_partial,,0.12800010798153286,-0.026845376845376846,-1.3261937663135266,0.0,14.0,8.0,143.0,0.03147842056932966,negligible,[-0.07368595  0.1392213 ],[-0.06466298  0.11742813],-0.7455737472644393,,,,,,,,0.22083517464119176,False,,
openai,csn,full_vs_no,,0.1351014382103323,-0.0318958818958819,-1.5756947643175188,0.0,15.0,10.0,140.0,0.03368227731864096,negligible,[-0.07758127  0.13747107],[-0.0607702   0.11633644],-1.082355871415446,0.42435622215270996,,,,,,,0.22083517464119176,False,0.42435622215270996,False
Qwen,csn,full_vs_partial,,0.6662438500274883,-0.008608058608058609,-0.4071379071379072,0.0,9.0,6.0,160.0,0.013583673469387755,negligible,[-0.0977649   0.11548653],[-0.08271429  0.10290476],0.20305787214016757,,,,,,,,0.6947944484337236,False,,
Qwen,csn,full_vs_no,,0.0833142177207661,-0.04047619047619048,-1.9144144144144146,0.0,18.0,9.0,148.0,0.046236734693877554,negligible,[-0.06054939  0.14614694],[-0.05246429  0.13188095],-0.8213834669602614,,,,,,,,0.19439984134845423,False,,
codestral,csn,chi2_full_vs_partial,,0.08888360167887388,,,,,,,,,,[-0.82872928 12.43093923],,,2.8944772817927986,0.0632289237458329,33.14917127071823,27.071823204419886,6.077348066298342,,0.6113931335845149,False,,
codestral,csn,chi2_full_vs_no,,0.07431473037372274,,,,,,,,,,[ 0.         12.70718232],,,3.1850498550250412,0.06632676783358328,33.14917127071823,26.795580110497237,6.35359116022099,,0.6113931335845149,False,,
gpt-4.1,csn,chi2_full_vs_partial,,0.6896661296305282,,,,,,,,,,[-4.56852792  7.8680203 ],,,0.15944703444703445,0.01422476545831081,28.17258883248731,26.649746192893403,1.5228426395939074,,0.718595212012304,False,,
gpt-4.1,csn,chi2_full_vs_no,,0.14257868668948934,,,,,,,,,,[-1.26903553 10.91370558],,,2.1499052671466465,0.0522331903733827,28.17258883248731,23.3502538071066,4.82233502538071,,0.6113931335845149,False,,
gpt-5,csn,chi2_full_vs_partial,,0.4645899868232297,,,,,,,,,,[-3.28914141  8.83838384],,,0.534813925570228,0.025985959825321387,27.02020202020202,24.494949494949495,2.525252525252526,,0.718595212012304,False,,
gpt-5,csn,chi2_full_vs_no,,0.21835469056589815,,,,,,,,,,[-2.27272727 10.60606061],,,1.5151515151515151,0.04373865675678983,27.02020202020202,22.97979797979798,4.0404040404040416,,0.6113931335845149,False,,
meta-llama,csn,chi2_full_vs_partial,,0.31871349780671215,,,,,,,,,,[-2.95698925  9.94623656],,,0.9942185803505972,0.036555646570265415,28.225806451612907,24.731182795698924,3.4946236559139834,,0.7131751903748348,False,,
meta-llama,csn,chi2_full_vs_no,,0.4075286802141913,,,,,,,,,,[-3.49462366  9.13978495],,,0.6859988013461804,0.030365134606302087,28.225806451612907,25.268817204301076,2.9569892473118315,,0.7131751903748348,False,,
deepseek-ai,csn,chi2_full_vs_partial,,0.5286171996550362,,,,,,,,,,[-4.50396825  8.99470899],,,0.3970490484904685,0.022917180325858617,32.01058201058201,29.629629629629626,2.3809523809523867,,0.718595212012304,False,,
deepseek-ai,csn,chi2_full_vs_no,,0.3845439276200785,,,,,,,,,,[-3.43915344  9.52380952],,,0.7561249793354273,0.03162539037832186,32.01058201058201,28.835978835978835,3.1746031746031775,,0.7131751903748348,False,,
openai,csn,chi2_full_vs_partial,,0.5872823804675136,,,,,,,,,,[-4.79041916  8.68263473],,,0.294608401631813,0.021000727162767234,25.149700598802394,23.053892215568865,2.0958083832335284,,0.718595212012304,False,,
openai,csn,chi2_full_vs_no,,0.718595212012304,,,,,,,,,,[-5.08982036  7.48502994],,,0.1298426775192857,0.013941853024165535,25.149700598802394,23.652694610778443,1.4970059880239504,,0.718595212012304,False,,
Qwen,csn,chi2_full_vs_partial,,0.6875840091778361,,,,,,,,,,[-4.59459459  8.37837838],,,0.16171328671328672,0.014782809899727065,30.54054054054054,28.91891891891892,1.621621621621621,,0.718595212012304,False,,
Qwen,csn,chi2_full_vs_no,,0.1913764194295963,,,,,,,,,,[-1.62162162 11.35135135],,,1.7069896106470595,0.04802856147221798,30.54054054054054,25.945945945945947,4.594594594594593,,0.6113931335845149,False,,
codestral,csn,power_analysis,,,,,,,,,,,,,,,,,,,,0.785197097810313,,,,
gpt-4.1,csn,power_analysis,,,,,,,,,,,,,,,,,,,,0.8286680383873699,,,,
gpt-5,csn,power_analysis,,,,,,,,,,,,,,,,,,,,0.8206404154244613,,,,
meta-llama,csn,power_analysis,,,,,,,,,,,,,,,,,,,,0.7991334901863928,,,,
deepseek-ai,csn,power_analysis,,,,,,,,,,,,,,,,,,,,0.8058068312014541,,,,
openai,csn,power_analysis,,,,,,,,,,,,,,,,,,,,0.775457009807558,,,,
Qwen,csn,power_analysis,,,,,,,,,,,,,,,,,,,,0.7991334901863928,,,,
codestral,post_cut-off,friedman_all,2.9038461538474474,0.23411962485469887,,,,,,,,,,,,,,,,,,,0.27794498549090896,False,,
gpt-4.1,post_cut-off,friedman_all,4.516666666665698,0.10452454724118668,,,,,,,,,,,,,,,,,,,0.2438906102294356,False,,
gpt-5,post_cut-off,friedman_all,2.8689655172398743,0.23823855899220767,,,,,,,,,,,,,,,,,,,0.27794498549090896,False,,
meta-llama,post_cut-off,friedman_all,3.3636363636353717,0.18603542213442803,,,,,,,,,,,,,,,,,,,0.27794498549090896,False,,
deepseek-ai,post_cut-off,friedman_all,9.978723404253495,0.006810009920093149,,,,,,,,,,,,,,,,,,,0.047670069440652045,True,,
openai,post_cut-off,friedman_all,1.0551181102365066,0.5900434769106511,,,,,,,,,,,,,,,,,,,0.5900434769106511,False,,
Qwen,post_cut-off,friedman_all,7.79545454545322,0.020287968107303506,,,,,,,,,,,,,,,,,,,0.07100788837556228,False,,
codestral,post_cut-off,full_vs_partial,,0.059815445019539164,-0.032349103226164695,-1.0069309412079888,0.0,13.0,6.0,155.0,0.03649755581979126,negligible,[-0.07940778  0.14358485],[-0.06225392  0.12558429],-2.327394422492369,0.1670684814453125,,,,,,,0.13956937171225806,False,0.1670684814453125,False
codestral,post_cut-off,full_vs_no,,0.3426238356854602,-0.025661375661375663,-0.7987619615526593,0.0,18.0,11.0,145.0,0.036233320121548424,negligible,[-0.0793442   0.14747985],[-0.07314547  0.11655771],-0.33478711432657426,,,,,,,,0.4318577575487752,False,,
gpt-4.1,post_cut-off,full_vs_partial,,0.03340688046977771,-0.032086702605570526,-1.0198472192475188,0.0,14.0,6.0,192.0,0.040739587041651835,negligible,[-0.05983947  0.14688557],[-0.05549313  0.12135258],-2.585881931180047,0.11531829833984375,,,,,,,0.11936099717386037,False,0.138214111328125,False
gpt-4.1,post_cut-off,full_vs_no,,0.17306055496507244,-0.02836552860137766,-0.9015730230123035,0.0,22.0,11.0,179.0,0.031950872196511215,negligible,[-0.06584639  0.13763906],[-0.0518619   0.11670139],-0.6559489096052866,,,,,,,,0.28593782408591983,False,,
gpt-5,post_cut-off,full_vs_partial,,0.8506689191604214,-0.004720362888366264,-0.15006091898201393,0.0,14.0,18.0,174.0,0.002568573852389481,negligible,[-0.10191111  0.09898671],[-0.07903243  0.08814698],-0.6638698980619452,,,,,,,,0.8506689191604214,False,,
gpt-5,post_cut-off,full_vs_no,,0.18381717262666275,-0.02918484123633976,-0.9277897059700603,0.0,21.0,13.0,172.0,0.027735884626260723,negligible,[-0.06831758  0.12640506],[-0.06106274  0.10814438],-0.5503826625297056,,,,,,,,0.28593782408591983,False,,
meta-llama,post_cut-off,full_vs_partial,,0.14458426564106608,-0.01997929606625259,-0.6383161682508816,0.0,11.0,4.0,185.0,0.025475,negligible,[-0.08679688  0.12091375],[-0.06176292  0.09955432],-1.4172064736192989,0.11846923828124999,,,,,,,0.28593782408591983,False,0.138214111328125,False
meta-llama,post_cut-off,full_vs_no,,0.32354074636956986,-0.013693581780538302,-0.4374946255763036,0.0,16.0,9.0,175.0,0.021525,negligible,[-0.0761175   0.12981875],[-0.07130903  0.09603625],-0.12154729830273041,,,,,,,,0.4318577575487752,False,,
deepseek-ai,post_cut-off,full_vs_partial,,0.00341433580177861,-0.047213868003341694,-1.5127546240531065,0.0,15.0,2.0,173.0,0.05631578947368421,negligible,[-0.05634557  0.16407756],[-0.04304078  0.13720155],-3.153618831738037,0.002349853515625,,,,,,,0.047800701224900544,True,0.016448974609375,True
deepseek-ai,post_cut-off,full_vs_no,,0.037896729806564056,-0.04117376775271512,-1.3192269600364035,0.0,19.0,7.0,164.0,0.04875346260387812,negligible,[-0.05943767  0.15222091],[-0.04980603  0.12818781],-1.497448619086119,0.028959274291992188,,,,,,,0.11936099717386037,False,0.06757164001464844,False
openai,post_cut-off,full_vs_partial,,0.6212888886816068,-0.010017518713170892,-0.31818296785289746,0.0,13.0,15.0,154.0,0.01243811133921024,negligible,[-0.09735464  0.12112441],[-0.07675358  0.0992868 ],-0.6769236850535708,,,,,,,,0.669080341657115,False,,
openai,post_cut-off,full_vs_no,,0.37016379218466444,-0.019968678664330837,-0.6342582053941034,0.0,18.0,14.0,150.0,0.014762709817654873,negligible,[-0.09096577  0.13313836],[-0.06348019  0.10778192],-0.22407875290566068,,,,,,,,0.4318577575487752,False,,
Qwen,post_cut-off,full_vs_partial,,0.04262892756209299,-0.029808272946859907,-0.9275832100157378,0.0,10.0,3.0,179.0,0.038899739583333336,negligible,[-0.07040473  0.142787  ],[-0.05484277  0.12411703],-2.7873184294555533,0.09228515625,,,,,,,0.11936099717386037,False,0.138214111328125,False
Qwen,post_cut-off,full_vs_no,,0.018067625029691708,-0.043804635380722344,-1.3631264170338233,0.0,19.0,7.0,166.0,0.05381944444444445,negligible,[-0.06035088  0.1601142 ],[-0.04385737  0.13031476],-1.4834541272040174,0.028959274291992188,,,,,,,0.11936099717386037,False,0.06757164001464844,False
codestral,post_cut-off,chi2_full_vs_partial,,0.4258794817567967,,,,,,,,,,[-3.22003578  7.69677996],,,0.6340339559777408,0.02381416491891116,29.5169946332737,27.191413237924866,2.3255813953488342,,0.5962312744595153,False,,
codestral,post_cut-off,chi2_full_vs_no,,0.18105585946961458,,,,,,,,,,[-1.78890877  8.76565295],,,1.7889359591328942,0.04000152008664549,29.5169946332737,25.760286225402506,3.7567084078711943,,0.5230237192973127,False,,
gpt-4.1,post_cut-off,chi2_full_vs_partial,,0.3372829188312669,,,,,,,,,,[-2.3988006   7.35007496],,,0.9207317237567572,0.026271727978419725,30.884557721139434,28.335832083958024,2.548725637181409,,0.5962312744595153,False,,
gpt-4.1,post_cut-off,chi2_full_vs_no,,0.11617289651738859,,,,,,,,,,[-0.74962519  8.6994003 ],,,2.4681729229674434,0.04301400457909746,30.884557721139434,26.83658170914543,4.0479760119940025,,0.5230237192973127,False,,
gpt-5,post_cut-off,chi2_full_vs_partial,,0.9513443146975357,,,,,,,,,,[-4.32484568  5.24691358],,,0.00372328200413698,0.0016949639468053271,29.475308641975307,29.166666666666668,0.3086419753086389,,0.9513443146975357,False,,
gpt-5,post_cut-off,chi2_full_vs_no,,0.35466674963743483,,,,,,,,,,[-2.16435185  7.25308642],,,0.8566895822316235,0.02571042419361763,29.475308641975307,27.00617283950617,2.469135802469136,,0.5962312744595153,False,,
meta-llama,post_cut-off,chi2_full_vs_partial,,0.4079039917561126,,,,,,,,,,[-2.71565495  7.34824281],,,0.6849015317286652,0.0233890134862494,28.115015974440894,25.878594249201274,2.2364217252396195,,0.5962312744595153,False,,
meta-llama,post_cut-off,chi2_full_vs_no,,0.48457134685701553,,,,,,,,,,[-2.55990415  6.55351438],,,0.4885577915376677,0.01975403447969488,28.115015974440894,26.198083067092654,1.9169329073482402,,0.6167271687271106,False,,
deepseek-ai,post_cut-off,chi2_full_vs_partial,,0.186794185463326,,,,,,,,,,[-1.34907251  9.10623946],,,1.7427229108356657,0.03833291320922475,32.715008431703204,29.00505902192243,3.709949409780773,,0.5230237192973127,False,,
deepseek-ai,post_cut-off,chi2_full_vs_no,,0.16634779492686466,,,,,,,,,,[-1.52192243  9.61214165],,,1.9155523668096042,0.04018876587897266,32.715008431703204,28.836424957841484,3.8785834738617204,,0.5230237192973127,False,,
openai,post_cut-off,chi2_full_vs_partial,,0.9469813817035103,,,,,,,,,,[-4.53752182  5.58464223],,,0.004421978700416731,0.001964337078363004,27.225130890052355,26.876090750436298,0.34904013961605784,,0.9513443146975357,False,,
openai,post_cut-off,chi2_full_vs_no,,0.27968514524111143,,,,,,,,,,[-1.7495637  7.508726 ],,,1.1686191718616183,0.03193332894111491,27.225130890052355,24.25828970331588,2.966841186736474,,0.5962312744595153,False,,
Qwen,post_cut-off,chi2_full_vs_partial,,0.6143088994715746,,,,,,,,,,[-3.72771475  6.32090762],,,0.2539478380542327,0.014345466647483523,29.3354943273906,27.876823338735818,1.4586709886547808,,0.7166937160501704,False,,
Qwen,post_cut-off,chi2_full_vs_no,,0.18088383971182614,,,,,,,,,,[-1.29659643  8.91410049],,,1.7903474141334388,0.03809000913486628,29.3354943273906,25.76985413290113,3.5656401944894682,,0.5230237192973127,False,,
codestral,post_cut-off,power_analysis,,,,,,,,,,,,,,,,,,,,0.7968658385994966,,,,
gpt-4.1,post_cut-off,power_analysis,,,,,,,,,,,,,,,,,,,,0.869002755408429,,,,
gpt-5,post_cut-off,power_analysis,,,,,,,,,,,,,,,,,,,,0.8593861310566596,,,,
meta-llama,post_cut-off,power_analysis,,,,,,,,,,,,,,,,,,,,0.8491491166340877,,,,
deepseek-ai,post_cut-off,power_analysis,,,,,,,,,,,,,,,,,,,,0.8306254068552558,,,,
openai,post_cut-off,power_analysis,,,,,,,,,,,,,,,,,,,,0.8144075736879361,,,,
Qwen,post_cut-off,power_analysis,,,,,,,,,,,,,,,,,,,,0.834481715198611,,,,
