Model,Comparison,Chi2,p_value,Cramers_V,Effect_Size,CI_Lower,CI_Upper,Power,p_FDR,Significant
codestral,ClassEval vs csn,695.826876390822,5.457540258696179e-144,0.7989826538120194,Large,0.7632219946397878,0.8343219263860342,1.0,1.0418940493874524e-143,True
codestral,ClassEval vs post_cut-off,566.580854459955,3.097974532286686e-116,0.5935918443250596,Large,0.5577117593763734,0.6329330847428819,1.0,4.646961798430029e-116,True
codestral,csn vs post_cut-off,148.12134464045812,1.0068360237026045e-28,0.2662169355352312,Small,0.23161341898719073,0.30774921247380105,1.0,1.3214722811096685e-28,True
deepseek-ai,ClassEval vs csn,793.2227583650035,5.9089059342589526e-164,0.8534609270811297,Large,0.8238160661651992,0.8871804705576278,1.0,2.0681170769906336e-163,True
deepseek-ai,ClassEval vs post_cut-off,693.2629864764832,1.7544544266964237e-142,0.660106359864399,Large,0.6323014777144494,0.6943603503337653,1.0,3.0702952467187415e-142,True
deepseek-ai,csn vs post_cut-off,161.7393276058975,3.230906544930292e-30,0.2758202746308034,Small,0.2434067881218889,0.3176383754831038,1.0,4.5232691629024084e-30,True
gpt-4.1,ClassEval vs csn,792.2172716594796,1.006365435215213e-164,0.8376742824144083,Large,0.8044144785671927,0.870683804259913,1.0,4.226734827903895e-164,True
gpt-4.1,ClassEval vs post_cut-off,661.3036279589629,1.43384811678431e-136,0.6242514093013407,Large,0.5949606151148974,0.6569062839248109,1.0,2.3162161886515776e-136,True
gpt-4.1,csn vs post_cut-off,132.35457666238963,3.887141799441446e-24,0.2388501339593707,Small,0.20847345247375454,0.277180039945155,0.9999999999999991,4.801763399310021e-24,True
gpt-5,ClassEval vs csn,851.0516585735397,2.168028085356473e-176,0.8474591752105565,Large,0.8183237357306842,0.881986943539755,1.0,2.720024732917838e-175,True
gpt-5,ClassEval vs post_cut-off,753.1820077752056,2.520739095373897e-157,0.6619299473888948,Large,0.6293935978015905,0.6969301717289418,1.0,7.562217286121691e-157,True
gpt-5,csn vs post_cut-off,134.57069443542477,5.445194356900188e-24,0.23940113247380007,Small,0.21049129314557982,0.27919459950610415,0.999999999999999,6.352726749716886e-24,True
openai,ClassEval vs csn,814.2734462605472,1.7611441715976481e-168,0.8496314627951387,Large,0.8164849148865337,0.8826571668261296,1.0,9.246006900887653e-168,True
openai,ClassEval vs post_cut-off,709.509535331121,4.935266820413858e-145,0.6563452077783467,Large,0.6254249374160685,0.6939799528381724,1.0,1.0364060322869103e-144,True
openai,csn vs post_cut-off,108.43180188813966,3.766348462724589e-18,0.22016351249538313,Small,0.19199954869321628,0.2617641790503388,0.9999999999893,3.766348462724589e-18,True
meta-llama,ClassEval vs csn,846.0473518060996,2.5904997456360364e-176,0.8474706959420839,Large,0.820629574953887,0.8781772229087554,1.0,2.720024732917838e-175,True
meta-llama,ClassEval vs post_cut-off,719.2107969805454,4.713001091761239e-148,0.6397970282248083,Large,0.6098826582564346,0.6721879768965646,1.0,1.0997002547442892e-147,True
meta-llama,csn vs post_cut-off,120.33228213386633,4.3323286013393184e-21,0.23008661707439304,Small,0.20013206162881755,0.2681023089891655,0.9999999999998835,4.7883631909539836e-21,True
qwen,ClassEval vs csn,844.1353681435418,6.685512291886588e-176,0.852320598646661,Large,0.8238274937070911,0.8840128397546569,1.0,4.6798586043206115e-175,True
qwen,ClassEval vs post_cut-off,729.41169501063,3.038077454597381e-150,0.6467152780079093,Large,0.6174560809024767,0.6803528353508906,1.0,7.974953318318125e-150,True
qwen,csn vs post_cut-off,112.94802717533345,1.3555924669780404e-19,0.22576387297940187,Small,0.19745033835042025,0.2665029707636007,0.9999999999987048,1.4233720903269426e-19,True
