Dataset,Model,Comparison,Chi2,p_value,Cramers_V,Effect_Size,CI_Lower,CI_Upper,Power,p_FDR,Significant
csn,codestral,full_docstr vs partial_docstr,0.9913451179691574,0.985938284088447,0.04383162635509291,Negligible,0.06270475065406225,0.17242440924633237,0.09314008808463237,0.985938284088447,False
csn,codestral,full_docstr vs no_docstr,2.140966129361827,0.9062879846698881,0.06435164110182971,Negligible,0.05750131916307419,0.18064574719391838,0.1542407472849585,0.985938284088447,False
csn,deepseek-ai,full_docstr vs partial_docstr,1.2816238956406496,0.9726613064057682,0.04926781895079076,Negligible,0.06154264413101492,0.17071122379503093,0.10755938347063199,0.985938284088447,False
csn,deepseek-ai,full_docstr vs no_docstr,6.928224689484102,0.5443961767312753,0.11295645838447052,Small,0.10514610363640661,0.20337984960025957,0.4129778277532661,0.985938284088447,False
csn,gpt-4.1,full_docstr vs partial_docstr,3.0012123037625846,0.8848900609517858,0.07243531360412264,Negligible,0.08088113037006345,0.17664788014192695,0.19267844716831606,0.985938284088447,False
csn,gpt-4.1,full_docstr vs no_docstr,5.735527675338099,0.6768289113639936,0.09884794368936138,Negligible,0.09974072676592895,0.1896489156198635,0.34078824743161373,0.985938284088447,False
csn,gpt-5,full_docstr vs partial_docstr,16.111130985526945,0.06459683851647374,0.16413924153367188,Small,0.13820077288674198,0.2521021239452821,0.8139095532164426,0.4521778696153162,False
csn,gpt-5,full_docstr vs no_docstr,20.183761751336206,0.009662733368444427,0.18310609886281184,Small,0.1445560669450672,0.27566833169698285,0.9183042769260107,0.135278267158222,False
csn,openai,full_docstr vs partial_docstr,8.340655859932252,0.5002140710985828,0.12043873318852241,Small,0.11106825746384699,0.22434560962195801,0.4737787871943988,0.985938284088447,False
csn,openai,full_docstr vs no_docstr,11.10903848441091,0.19559714869301725,0.14084590417247617,Small,0.11792898763425909,0.24616737404572334,0.6434802366429507,0.9127866939007472,False
csn,meta-llama,full_docstr vs partial_docstr,6.124368524594818,0.6333029759855439,0.10476435859874865,Small,0.10420591343177035,0.19850771802885175,0.36436675133265983,0.985938284088447,False
csn,meta-llama,full_docstr vs no_docstr,10.208004868512788,0.3339100919430999,0.13525500188521367,Small,0.1217610423934869,0.22620450141355378,0.5747087354159954,0.985938284088447,False
csn,qwen,full_docstr vs partial_docstr,2.329789166899168,0.9691961551344319,0.06617630199171898,Negligible,0.08410880506396846,0.18879852208842704,0.1471932155740553,0.985938284088447,False
csn,qwen,full_docstr vs no_docstr,4.380630989626269,0.8212534022164013,0.08973645020634884,Negligible,0.09176741829604426,0.2020838829776975,0.25971563052169955,0.985938284088447,False
post_cut-off,codestral,full_docstr vs partial_docstr,4.336698801016132,0.7402816602271822,0.07072453182172851,Negligible,0.0644622640050751,0.15639244780957026,0.27292880936805153,0.7402816602271822,False
post_cut-off,codestral,full_docstr vs no_docstr,5.01426908865051,0.6582218143080923,0.07583078918158481,Negligible,0.062497690206918796,0.16289506026172546,0.3154197776469707,0.7402816602271822,False
post_cut-off,deepseek-ai,full_docstr vs partial_docstr,6.62968491677586,0.46842707006672823,0.08759706862363341,Negligible,0.07630301826775572,0.16937571199196666,0.4176344283223903,0.7236811476122258,False
post_cut-off,deepseek-ai,full_docstr vs no_docstr,9.141473814127357,0.1657766229011854,0.10174843967531724,Small,0.07493189413217229,0.1749821915300792,0.5974334414821727,0.5802181801541489,False
post_cut-off,gpt-4.1,full_docstr vs partial_docstr,11.887331255958124,0.10432545285135425,0.11186143334245992,Small,0.08683919567222616,0.1778017696122553,0.7052661846122429,0.48685211330631983,False
post_cut-off,gpt-4.1,full_docstr vs no_docstr,8.225709147699115,0.3131126393630394,0.09280790918915209,Negligible,0.07476757691430494,0.17493090756992383,0.5151126700493277,0.6712561517000984,False
post_cut-off,gpt-5,full_docstr vs partial_docstr,8.292857447051663,0.30747977442870866,0.0933817141038397,Negligible,0.07861175495399929,0.16609000457124365,0.5190662708089484,0.6712561517000984,False
post_cut-off,gpt-5,full_docstr vs no_docstr,13.822346073644448,0.05443283547294998,0.1197436147417281,Small,0.08844907823205443,0.19755992614739906,0.7819554946441272,0.43781575628908637,False
post_cut-off,openai,full_docstr vs partial_docstr,6.706481549434445,0.5686066159810346,0.08646715017606497,Negligible,0.08022430818971563,0.15984373038495778,0.39961341634277114,0.7236811476122258,False
post_cut-off,openai,full_docstr vs no_docstr,5.022575118341405,0.5409209660154519,0.07376704216368572,Negligible,0.060386044948948454,0.15477085467970192,0.33767086895087906,0.7236811476122258,False
post_cut-off,meta-llama,full_docstr vs partial_docstr,14.829580432251984,0.06254510804129805,0.12494032441741298,Small,0.10387232456606209,0.1958907912020436,0.7937751536025803,0.43781575628908637,False
post_cut-off,meta-llama,full_docstr vs no_docstr,7.449996690690011,0.38357494382862767,0.08883662334261351,Negligible,0.0717077610627653,0.16301665351059502,0.4684873674978539,0.6712561517000984,False
post_cut-off,qwen,full_docstr vs partial_docstr,5.292629270579472,0.7258904807407264,0.07622133457742272,Negligible,0.07636554014904495,0.15228549253870372,0.31401785682687844,0.7402816602271822,False
post_cut-off,qwen,full_docstr vs no_docstr,8.75444930116616,0.36343200658657776,0.09671113754463609,Negligible,0.08366559795352158,0.17646378292165246,0.5199027363934059,0.6712561517000984,False
