Docstring_Condition,Model,Chi2,p_value,Cramers_V,Effect_Size,CI_Lower,CI_Upper,Power,p_FDR,Significant
full_docstr,codestral,8.476170871739141,0.29248165317274916,0.10724229703680437,Small,0.08376732439753169,0.1895429817146798,0.5297858568909173,0.3412285953682074,False
full_docstr,deepseek-ai,8.737920172868941,0.11998543909402264,0.10490441957051608,Small,0.07600056276821689,0.17394450881832674,0.6085809166962646,0.20997451841453962,False
full_docstr,gpt-4.1,19.059821425636027,0.014542975238136536,0.14775843814520762,Small,0.12176708745344399,0.20747773762328886,0.8995851891434476,0.08306303279371557,False
full_docstr,gpt-5,13.15224737963596,0.06848466073206608,0.12068578212134755,Small,0.09290601301573068,0.19773714965526948,0.757305172270043,0.1597975417081542,False
full_docstr,openai,8.438111916769774,0.20773018125526285,0.10113364645146256,Small,0.08379871939862962,0.1634645497184372,0.5569227583318019,0.290822253757368,False
full_docstr,meta-llama,16.155586710402595,0.023732295083918734,0.13603612278175267,Small,0.10400110725955657,0.20697168324041437,0.8529592915965001,0.08306303279371557,False
full_docstr,qwen,7.737824547580351,0.45949025757186157,0.0972596689908048,Negligible,0.09043881399646476,0.17441340657149013,0.46121645368225084,0.45949025757186157,False
partial_docstr,codestral,3.407264254264632,0.7562641007744868,0.06794769483522536,Negligible,0.05299208055852998,0.16997176325536023,0.23140727170253073,0.7562641007744868,False
partial_docstr,deepseek-ai,20.67780607828741,0.004277460057544484,0.16127559941416822,Small,0.1322811894319293,0.21962477206271083,0.9369097101437234,0.02994222040281139,True
partial_docstr,gpt-4.1,4.281673913352935,0.6386167916238343,0.06878322030822702,Negligible,0.05862450166313682,0.15278755502034436,0.28834833396561554,0.7562641007744868,False
partial_docstr,gpt-5,16.616855756696953,0.020041021944100342,0.13513060738158225,Small,0.10824940593536636,0.20021786635569633,0.8644737928813855,0.04676238453623414,True
partial_docstr,openai,5.1372554687836285,0.7428104293022365,0.0790070168437664,Negligible,0.07577933492756384,0.16646123237037636,0.30467044631996354,0.7562641007744868,False
partial_docstr,meta-llama,18.78452739800288,0.01605545336179085,0.1452797665181005,Small,0.1178184271407828,0.21916129814812357,0.8944767146924377,0.04676238453623414,True
partial_docstr,qwen,6.882961317335455,0.6493034447651447,0.09095487917024762,Negligible,0.09394953276898212,0.1680184868955874,0.390098076488809,0.7562641007744868,False
no_docstr,codestral,6.91096924022603,0.43820828633571896,0.09677012434153384,Negligible,0.0839973083784926,0.17062134317485575,0.4352147861220079,0.4987820086942827,False
no_docstr,deepseek-ai,16.89247090418664,0.009686660487239053,0.14300675962361634,Small,0.10664392707993484,0.20868997985787757,0.8893783167046859,0.06404923243748958,False
no_docstr,gpt-4.1,13.076482777424566,0.0702666848018198,0.11954596608884083,Small,0.09493843384313563,0.1906549455133389,0.7543922326359067,0.16395559787091288,False
no_docstr,gpt-5,9.96641035711529,0.19048496831751882,0.10368824298672175,Small,0.08749104474573738,0.17390428383020087,0.612426562261398,0.33334869455565797,False
no_docstr,openai,6.35659648360312,0.4987820086942827,0.08552684141563534,Negligible,0.07560110335598098,0.16203718576895695,0.40045735548293726,0.4987820086942827,False
no_docstr,meta-llama,18.418334068865494,0.018299780696425592,0.14393761173843533,Small,0.12274345016887353,0.20245990404155265,0.8873406549093608,0.06404923243748958,False
no_docstr,qwen,9.186879130689835,0.42020564282622336,0.10311625457131839,Small,0.10022283782146729,0.17643898894073262,0.5206505877592353,0.4987820086942827,False
